FF AEROKNIT D-40637-61,AU3426H,AEROKNIT D,TINTED GRAY V003,40637,2.8665,1.0,Jet-01 Jet-02 Jet-03 Jet-04 Jet-08 Jet-09 Jet-10
FF ANMUT-C-NA-40487-66,ANMUT-C,ANMUT-C-NA,TITANSCHWARZ,40487,2.6494,3.0,Jet-01 Jet-02 Jet-03 Jet-04 Jet-09 Jet-10
FF ANMUT-C-NA-40488-66,ANMUT-C,ANMUT-C-NA,SHETLAND,40488,2.6494,2.0,Jet-01 Jet-02 Jet-03 Jet-04 Jet-08 Jet-09 Jet-10
FF ARCTIC-39811-61,AU5429D,ARCTIC,JET BLACK 600R,39811,2.9727,3.0,Jet-01 Jet-02 Jet-03 Jet-04 Jet-09 Jet-10
FF ARCTIC-39811-68,AU5429D,ARCTIC,JET BLACK 600R,39811,2.6667,3.0,Jet-01 Jet-02 Jet-03 Jet-04 Jet-09 Jet-10
FF ARCTIC-39821-61,AU5429D,ARCTIC,LT ASH GREY 9874,39821,2.9727,1.0,Jet-01 Jet-02 Jet-03 Jet-04 Jet-07 Jet-08 Jet-09 Jet-10
FF ARCTIC-39821-63,AU5429D,ARCTIC,LT ASH GREY 9874,39821,2.8783,1.0,Jet-01 Jet-02 Jet-03 Jet-04 Jet-07 Jet-08 Jet-09 Jet-10
FF ARCTIC-40415-68,AU5429D,ARCTIC,VERY DARK ATMOSPHERE 309X,40415,2.6667,3.0,Jet-01 Jet-02 Jet-03 Jet-04 Jet-09 Jet-10
FF ARCTIC-40415-73,AU5429D,ARCTIC,VERY DARK ATMOSPHERE 309X,40415,2.4840,3.0,Jet-01 Jet-02 Jet-03 Jet-04 Jet-09 Jet-10
FF ARCTIC-40416-73,AU5429D,ARCTIC,DK ASH GREY 999K,40416,2.4840,3.0,Jet-01 Jet-02 Jet-03 Jet-04 Jet-09 Jet-10
FF ARCTIC-40506-56,AU5429H,ARCTIC,GREYSTONE NAV 1C48N,40506,3.2381,1.0,Jet-01 Jet-02 Jet-03 Jet-04 Jet-07 Jet-08 Jet-09 Jet-10
FF ARCTIC-40506-63,AU5429D,ARCTIC,GREYSTONE NAV 1C48N,40506,2.8783,1.0,Jet-01 Jet-02 Jet-03 Jet-04 Jet-07 Jet-08 Jet-09 Jet-10
FF ARCTIC-40511-63,AU5429D,ARCTIC,WHISPER BEIGE 604D,40511,2.8783,1.0,Jet-01 Jet-02 Jet-03 Jet-04 Jet-07 Jet-08 Jet-09 Jet-10
FF ARCTIC-41079-65,AU5429D,ARCTIC,BACKEN BLACK,41079,2.7897,3.0,Jet-01 Jet-02 Jet-03 Jet-04 Jet-09 Jet-10
FF ARCTICP-39885-61,AU5429D,ARCTICP,JET BLACK 600R,39885,2.9727,3.0,Jet-01 Jet-02 Jet-03 Jet-04 Jet-09 Jet-10
FF ARCTICP-40937-61,AU5429D,ARCTICP,VERY DARK ATMOSPHERE 309X,40937,2.9727,3.0,Jet-01 Jet-02 Jet-03 Jet-04 Jet-09 Jet-10
FF ARCTICP-40938-61,AU5429D,ARCTICP,DARK ASH GRAY 999K,40938,2.9727,3.0,Jet-01 Jet-02 Jet-03 Jet-04 Jet-09 Jet-10
FF ARCTICSP-39809-63,AU5429ISDA,ARCTICSP,LIGHT TITANIUM 311N,39809,2.8783,1.0,Jet-01 Jet-02 Jet-03 Jet-04 Jet-07 Jet-08 Jet-09 Jet-10
FF ARCTIC-39811-73,AU5429D,ARCTIC,JET BLACK 600R,39811,2.4840,3.0,Jet-01 Jet-02 Jet-03 Jet-04 Jet-09 Jet-10
FF AU3426M-38840-62,AU3426 WIDE,AU3426M,LIGHT GRAY ME,38840,2.6323,1.0,Jet-01 Jet-02 Jet-03 Jet-04 Jet-09 Jet-10
FF AU3426M-38840-62,AU3426 WIDE,AU3426M,LT GREY ME,38840,2.6323,1.0,Jet-01 Jet-02 Jet-03 Jet-04 Jet-09 Jet-10
FF AU3426M-38840-64,AU3426 WIDE,AU3426M,LIGHT GRAY ME,38840,2.5500,1.0,Jet-01 Jet-02 Jet-03 Jet-04 Jet-09 Jet-10
FF AU3426M-38840-73,AU3426,AU3426M,LT GREY ME,38840,2.2356,1.0,Jet-01 Jet-02 Jet-03 Jet-04 Jet-09 Jet-10
FF AU3426M-39858-62,AU3426 WIDE,AU3426M,JC BLACK ,39858,2.6323,3.0,Jet-01 Jet-02 Jet-03 Jet-04 Jet-09 Jet-10
FF AU3426M-39858-62,AU3426 WIDE,AU3426M,JC BLACK ,39858,2.6323,3.0,Jet-01 Jet-02 Jet-03 Jet-04 Jet-09 Jet-10
FF AU3426M-39858-64,AU3426 WIDE,AU3426M,JC BLACK,39858,2.5500,3.0,Jet-01 Jet-02 Jet-03 Jet-04 Jet-09 Jet-10
FF AU3426M-39858-64,AU3426H,AU3426M,JC BLACK ,39858,2.5500,3.0,Jet-01 Jet-02 Jet-03 Jet-04 Jet-09 Jet-10
FF AU3426M-39858-72,AU3426,AU3426M,JC BLACK,39858,2.2667,3.0,Jet-01 Jet-02 Jet-03 Jet-04 Jet-09 Jet-10
FF AU3426MSS-38840-53,AU3426,AU3426MSS,LT GREY ME,38840,3.0792,1.0,Jet-01 Jet-02 Jet-03 Jet-04 Jet-09 Jet-10
FF AU3426MSS-39858-53,AU3426,AU3426MSS,JC BLACK,39858,3.0792,3.0,Jet-01 Jet-02 Jet-03 Jet-04 Jet-09 Jet-10
FF AURA-34704-68,AU2958A,AURA,LT GREYSTONE BD1,34704,2.4000,1.0,Jet-01 Jet-02 Jet-03 Jet-04 Jet-07 Jet-08 Jet-09 Jet-10
FF AURA-39064-68,AU2958A,AURA,BLACK DX9,39064,2.4000,3.0,Jet-01 Jet-02 Jet-03 Jet-04 Jet-09 Jet-10
FF AURA30000-34704-68,AU2958A,AURA30000,LIGHT GRAYSTONE BD1,34704,2.4000,1.0,Jet-01 Jet-02 Jet-03 Jet-04 Jet-07 Jet-08 Jet-09 Jet-10
FF AURA30000-38697-63,AU2958G,AURA30000,PASTEL GREYSTONE HDA,38697,2.5905,1.0,Jet-01 Jet-02 Jet-03 Jet-04 Jet-07 Jet-08 Jet-09 Jet-10
FF AURA30000-38697-67,AU2958A,AURA30000,PASTEL GREYSTONE HAD,38697,2.4358,1.0,Jet-01 Jet-02 Jet-03 Jet-04 Jet-07 Jet-08 Jet-09 Jet-10
FF AURA30000-38697-70,AU2958A,AURA30000,PASTEL GREYSTONE HDA ,38697,2.3314,1.0,Jet-01 Jet-02 Jet-03 Jet-04 Jet-07 Jet-08 Jet-09 Jet-10
FF AURA30000-38697-72,AU2958A,AURA30000,PASTEL GREYSTONE HDA ,38697,2.2667,1.0,Jet-01 Jet-02 Jet-03 Jet-04 Jet-07 Jet-08 Jet-09 Jet-10
FF AURA30000-38698-63,AU2958G,AURA30000,LT FROST BEIGE HL1,38698,2.5905,1.0,Jet-01 Jet-02 Jet-03 Jet-04 Jet-07 Jet-08 Jet-09 Jet-10
FF AURA30000-38698-68,AU2958A,AURA30000,LT FROST BEIGE HL1,38698,2.4000,1.0,Jet-01 Jet-02 Jet-03 Jet-04 Jet-07 Jet-08 Jet-09 Jet-10
FF AURA30000-38698-70,AU2958A,AURA30000,LIGHT FROST BEIGE HL1,38698,2.3314,1.0,Jet-01 Jet-02 Jet-03 Jet-04 Jet-07 Jet-08 Jet-09 Jet-10
FF AURA30000-39064-60,AU2958H,AURA30000,BLACK DX9,39064,2.7200,3.0,Jet-01 Jet-02 Jet-03 Jet-04 Jet-09 Jet-10
FF AURA30000-39064-60,AU2958H,AURA30000,BLACK DX9,39064,2.7200,3.0,Jet-01 Jet-02 Jet-03 Jet-04 Jet-09 Jet-10
FF AURA30000-39064-62,AU2958G,AURA30000,BLACK DX9,39064,2.6323,3.0,
FF AURA30000-39064-63,AU2958G,AURA30000,BLACK DX9,39064,2.5905,3.0,Jet-01 Jet-02 Jet-03 Jet-04 Jet-09 Jet-10
FF AURA30000-39064-67,AU2958A,AURA30000,BLACK DX9,39064,2.4358,3.0,Jet-01 Jet-02 Jet-03 Jet-04 Jet-09 Jet-10
FF AURA30000-39064-68,AU2958A,AURA30000,BLACK DX9,39064,2.4000,3.0,Jet-01 Jet-02 Jet-03 Jet-04 Jet-09 Jet-10
FF AURA30000-39064-70,AU2958A,AURA30000,GLOBAL BLACK TX7,39064,2.3314,3.0,Jet-01 Jet-02 Jet-03 Jet-04 Jet-09 Jet-10
FF AURA30000-39064-72,AU2958A,AURA30000,BLACK DX9,39064,2.2667,3.0,
FF AURA30000-39530-63,AU2958G,AURA30000,JEEP BROWN LU5,39530,2.5905,2.0,Jet-01 Jet-02 Jet-03 Jet-04 Jet-08 Jet-09 Jet-10
FF AURA30000-39657-60,AU2958H,AURA30000,LINEN ML2,39657,2.7200,1.0,Jet-01 Jet-02 Jet-03 Jet-04 Jet-07 Jet-08 Jet-09 Jet-10
FF AURA30000-39934-60,AU2958H,AURA30000,SKI GREY PS4,39934,2.7200,1.0,Jet-01 Jet-02 Jet-03 Jet-04 Jet-07 Jet-08 Jet-09 Jet-10
FF AURA30000-40359-63,AU2958G,AURA30000,GLOBAL BLACK TX7,40359,2.5905,3.0,Jet-01 Jet-02 Jet-03 Jet-04 Jet-09 Jet-10
FF AURA30000-40359-68,AU2958A,AURA30000,GLOBAL BLACK TX7,40359,2.4000,3.0,Jet-01 Jet-02 Jet-03 Jet-04 Jet-09 Jet-10
FF AURA30000-40359-68,AU2958A,AURA30000,GLOBAL BLACK TX7,40359,2.4000,3.0,Jet-01 Jet-02 Jet-03 Jet-04 Jet-09 Jet-10
FF AURA30000-40359-70,AU2958A,AURA30000,GLOBAL BLACK TX7,40359,2.3314,3.0,Jet-01 Jet-02 Jet-03 Jet-04 Jet-09 Jet-10
FF AURA30000-41112-60,AU2958H,AURA30000,LINEN,41112,2.7200,1.0,Jet-01 Jet-02 Jet-03 Jet-04 Jet-07 Jet-08 Jet-09 Jet-10
FF AURA30000HH-38698-63,AU2958G,AURA30000HH,LT FROST BEIGE HL1,38698,2.5905,1.0,Jet-01 Jet-02 Jet-03 Jet-04 Jet-07 Jet-08 Jet-09 Jet-10
FF EPIC-40362-67,AU5429D,EPIC,GLOBAL BLACK TX7,40362,2.3572,3.0,Jet-01 Jet-02 Jet-03 Jet-04 Jet-09 Jet-10
FF EPIC-40617-67,AU5429D,EPIC,SEA SALT SD4,40617,2.3572,1.0,Jet-01 Jet-02 Jet-03 Jet-04 Jet-07 Jet-08 Jet-09 Jet-10
FF LYRIC-39651-59,AU4782,LYRIC,EBONY ZHE,39651,2.6769,3.0,Jet-01 Jet-02 Jet-03 Jet-04 Jet-09 Jet-10
FF LYRIC-39651-63,AU4782,LYRIC,EBONY ZHE,39651,2.5069,3.0,Jet-01 Jet-02 Jet-03 Jet-04 Jet-09 Jet-10
FF LYRIC-39651-64,AU4782,LYRIC,EBONY ZHE,39651,2.4677,3.0,Jet-01 Jet-02 Jet-03 Jet-04 Jet-09 Jet-10
FF LYRIC-39651-64,AU4782,LYRIC,EBONY ZHE,39651,2.4677,3.0,Jet-01 Jet-02 Jet-03 Jet-04 Jet-09 Jet-10
FF LYRIC-39651-69,AU4782,LYRIC,EBONY ZHE,39651,2.2889,3.0,Jet-01 Jet-02 Jet-03 Jet-04 Jet-09 Jet-10
FF LYRIC-39786-59,AU4782,LYRIC,MED SOFT CERAMIC CN4A,39786,2.6769,1.0,Jet-01 Jet-02 Jet-03 Jet-04 Jet-09 Jet-10
FF LYRIC-39786-64,AU4782,LYRIC,MED SOFT CERAMIC CN4A,39786,2.4677,1.0,Jet-01 Jet-02 Jet-03 Jet-04 Jet-09 Jet-10
FF LYRIC-40179-69,AU4782,LYRIC,JAVA EL6,40179,2.2889,2.0,Jet-01 Jet-02 Jet-03 Jet-04 Jet-09 Jet-10
FF LYRIC-40310-69,AU4782,LYRIC,LT SLATE KX2,40310,2.2889,2.0,Jet-01 Jet-02 Jet-03 Jet-04 Jet-09 Jet-10
FF LYRIC-40367-69,AU4782,LYRIC,LT STONE 1TB,40367,2.2889,2.0,Jet-01 Jet-02 Jet-03 Jet-04 Jet-09 Jet-10
FF LYRIC-40428-69,AU4782,LYRIC,LIGHT SANDSTONE LU2,40428,2.2889,1.0,Jet-01 Jet-02 Jet-03 Jet-04 Jet-08 Jet-09 Jet-10
FF LYRIC -39920-64,AU4782,LYRIC ,JADE GRAY HY3,39920,2.4677,2.0,Jet-01 Jet-02 Jet-03 Jet-04 Jet-09 Jet-10
FF LYRICHELHS-39651-63,AU4782K,LYRICHELHS,EBONY ZHE,39651,2.5069,3.0,Jet-01 Jet-02 Jet-03 Jet-04 Jet-09 Jet-10
FF LYRICHELHS-40428-63,AU4782K,LYRICHELHS,LT SANDSTONE ,40428,2.5069,1.0,Jet-01 Jet-02 Jet-03 Jet-04 Jet-09 Jet-10
FF LYRICHELHS-41114-63,AU4782K,LYRICHELHS,CREAMA HV1,41114,2.5069,1.0,Jet-01 Jet-02 Jet-03 Jet-04 Jet-09 Jet-10
FF LYRICP-39786-64,AU4782,LYRICP,MED SOFT CERAMIC CN4A,39786,2.4677,1.0,Jet-01 Jet-02 Jet-03 Jet-04 Jet-09 Jet-10
FF LYRICP-39870-63,AU4782,LYRICP,EBONY ZHE,39870,2.5069,3.0,Jet-01 Jet-02 Jet-03 Jet-04 Jet-09 Jet-10
FF LYRICP-40123-55,AU4782,LYRICP,JADE GRAY HY3,40123,2.8716,2.0,Jet-01 Jet-02 Jet-03 Jet-04 Jet-09 Jet-10
FF LYRICP-40123-61,AU4782,LYRICP,JADE GRAY HY3,40123,2.5891,2.0,Jet-01 Jet-02 Jet-03 Jet-04 Jet-09 Jet-10
FF LYRICP-40153-55,AU4782,LYRICP,CAPPUCCINO GU3,40153,2.8716,2.0,Jet-01 Jet-02 Jet-03 Jet-04 Jet-09 Jet-10
FF LYRICP-40153-63,AU4782,LYRICP,CAPPUCCINO GU3,40153,2.5069,2.0,Jet-01 Jet-02 Jet-03 Jet-04 Jet-09 Jet-10
FF LYRICP-40492-55,AU4782,LYRICP,LIGHT SLATE KX2,40492,2.8716,1.0,Jet-01 Jet-02 Jet-03 Jet-04 Jet-09 Jet-10
FF LYRICP-40492-61,AU4782,LYRICP,LIGHT SLATE KX2,40492,2.5891,1.0,Jet-01 Jet-02 Jet-03 Jet-04 Jet-09 Jet-10
FF LYRICP-40542-55,AU4782,LYRICP,EBONY ZHE,40542,2.8716,3.0,Jet-01 Jet-02 Jet-03 Jet-04 Jet-09 Jet-10
FF LYRICP-40542-61,AU4782,LYRICP,EBONY ZHE NYX,40542,2.5891,3.0,Jet-01 Jet-02 Jet-03 Jet-04 Jet-09 Jet-10
FF LYRICP-40568-55,AU4782,LYRICP,LIGHT SANDSTONE LU2,40568,2.8716,1.0,Jet-01 Jet-02 Jet-03 Jet-04 Jet-09 Jet-10
FF LYRICP-40568-61,AU4782,LYRICP,LIGHT SANDSTONE LU2,40568,2.5891,1.0,Jet-01 Jet-02 Jet-03 Jet-04 Jet-09 Jet-10
FF LYRICPHE-40492-63,AU4782K,LYRICPHE,LT SLATE KX2,40492,2.5069,1.0,Jet-01 Jet-02 Jet-03 Jet-04 Jet-09 Jet-10
FF LYRICPHE-40568-63,AU4782K,LYRICPHE,LT SANDSTONE LU2,40568,2.5069,1.0,Jet-01 Jet-02 Jet-03 Jet-04 Jet-09 Jet-10
FF LYRICPHE-40573-63,AU4782K,LYRICPHE,CASHMERE 5V0,40573,2.5069,1.0,Jet-01 Jet-02 Jet-03 Jet-04 Jet-09 Jet-10
FF LYRICPHELHS-39870-63,AU4782K,LYRICPHELHS,EBONY ZHE,39870,2.5069,3.0,Jet-01 Jet-02 Jet-03 Jet-04 Jet-09 Jet-10
FF LYRICPT-39919-61,AU4782,LYRICPT,COFFEE DJ9,39919,2.5891,2.0,Jet-01 Jet-02 Jet-03 Jet-04 Jet-09 Jet-10
FF LYRICPT-40042-61,AU4782,LYRICPT,EBONY ZHE,40042,2.5891,3.0,Jet-01 Jet-02 Jet-03 Jet-04 Jet-09 Jet-10
FF LYRICR-40582-64,AU4782DREP,LYRICR,LT SPACE GREY 1Y1,40582,2.4677,1.0,Jet-01 Jet-02 Jet-03 Jet-04 Jet-09 Jet-10
FF LYRICR-40614-64,AU4782DREP,LYRICR,EBONY ZHE,40614,2.4677,3.0,Jet-01 Jet-02 Jet-03 Jet-04 Jet-09 Jet-10
FF LYRICRSS-40582-64,AU4782DREP,LYRICRSS,LT SPACE GREY,40582,2.4677,1.0,Jet-01 Jet-02 Jet-03 Jet-04 Jet-09 Jet-10
FF LYRICSS-39825-64,AU4782,LYRICSS,CAPPUCINO GU3,39825,2.4677,2.0,Jet-01 Jet-02 Jet-03 Jet-04 Jet-09 Jet-10
FF LYRICSS-39920-64,AU4782,LYRICSS,JADE GRAY HY3,39920,2.4677,2.0,Jet-01 Jet-02 Jet-03 Jet-04 Jet-09 Jet-10
FF MESA-39307-45,AU3426,MESA,LIGHT GRAY KZ22A,39307,3.6267,1.0,Jet-01 Jet-02 Jet-03 Jet-04 Jet-08 Jet-09 Jet-10
FF MESA-39307-62,AU3426A,MESA,LIGHT GRAY KZ22A,39307,2.6323,1.0,Jet-01 Jet-02 Jet-03 Jet-04 Jet-08 Jet-09 Jet-10
FF MESA-39327-55.5,AU3426,MESA,MID GRAY KZ67,39327,2.9405,2.0,Jet-01 Jet-02 Jet-03 Jet-04 Jet-09 Jet-10
FF MESA-39327-58,AU3426,MESA,MID GRAY KZ67,39327,2.8138,2.0,Jet-01 Jet-02 Jet-03 Jet-04 Jet-09 Jet-10
FF MESA-39327-62,AU3426H,MESA,MID GRAY KZ67,39327,2.6323,2.0,Jet-01 Jet-02 Jet-03 Jet-04 Jet-09 Jet-10
FF MESA-39327-63,AU3426 WIDE,MESA,MID GRAY KZ67,39327,2.5905,2.0,Jet-01 Jet-02 Jet-03 Jet-04 Jet-09 Jet-10
FF MESASS-39833-45,AU3426,MESASS,MID GRAY KZ67,39833,3.6267,2.0,Jet-01 Jet-02 Jet-03 Jet-04 Jet-09 Jet-10
FF MESA-39327-66,AU3426 WIDE,MESA,MID GRAY KZ67,39327,2.4727,2.0,Jet-01 Jet-02 Jet-03 Jet-04 Jet-09 Jet-10
FF MESA-40241-45,AU3426,MESA,BLACK KGR0,40241,3.6267,3.0,Jet-01 Jet-02 Jet-03 Jet-04 Jet-09 Jet-10
FF MESA-40241-60,AU3426 WIDE,MESA,BLACK KGR0,40241,2.7200,3.0,Jet-01 Jet-02 Jet-03 Jet-04 Jet-09 Jet-10
FF MESA-40241-62,AU3426H,MESA,BLACK KG0R,40241,2.6323,3.0,Jet-01 Jet-02 Jet-03 Jet-04 Jet-09 Jet-10
FF MESA-40241-63,AU3426 WIDE,MESA,BLACK KGRO,40241,2.5905,3.0,Jet-01 Jet-02 Jet-03 Jet-04 Jet-09 Jet-10
FF MESA-40241-63,AU3426 WIDE,MESA,BLACK KGRO-JG01,40241,2.5905,3.0,Jet-01 Jet-02 Jet-03 Jet-04 Jet-09 Jet-10
FF MESA-40241-66,AU3426 WIDE,MESA,BLACK KGR0,40241,2.4727,3.0,Jet-01 Jet-02 Jet-03 Jet-04 Jet-09 Jet-10
FF MESA-40629-60,AU3426 WIDE,MESA,GRAY FZ83,40629,2.7200,1.0,Jet-01 Jet-02 Jet-03 Jet-04 Jet-09 Jet-10
FF MESA -40241-62,AU3426H,MESA ,BLACK KGR0,40241,2.6323,3.0,Jet-01 Jet-02 Jet-03 Jet-04 Jet-09 Jet-10
FF MESAP-39833-63,AU3426 WIDE,MESAP,MIDGRAY KZ67 WHT BKING,39833,2.5905,2.0,Jet-01 Jet-02 Jet-03 Jet-04 Jet-09 Jet-10
FF MESAP-40412-63,AU3426 WIDE,MESAP,BLACK KGR0,40412,2.5905,3.0,Jet-01 Jet-02 Jet-03 Jet-04 Jet-09 Jet-10
FF MESASS-40668-45,AU3426H,MESASS,GRAY FZ83,40668,3.6267,1.0,Jet-01 Jet-02 Jet-03 Jet-04 Jet-09 Jet-10
FF MOLTOFR-NA-40383-62,AU7389G,MOLTOFR-NA,BLACK 202B,40383,1.6802,3.0,Jet-01 Jet-02 Jet-03 Jet-04 Jet-09 Jet-10
FF MOLTOFR-NA-40669-62,AU7389G,MOLTOFR-NA,LIGHT GRAY 105B,40669,1.6802,1.0,Jet-01 Jet-02 Jet-03 Jet-04 Jet-07 Jet-08 Jet-09 Jet-10
FF MOLTO-NA-40055-57,AU6563,MOLTO-NA,MED GRAY 140B,40055,1.8275,2.0,Jet-01 Jet-02 Jet-03 Jet-04 Jet-09 Jet-10
FF MOLTO-NA-40055-59,AU7389G,MOLTO-NA,MED GRAY 140B,40055,1.7656,2.0,Jet-01 Jet-02 Jet-03 Jet-04 Jet-09 Jet-10
FF MOLTO-NA-40242-57,AU6563,MOLTO-NA,BEIGE 461B,40242,1.8275,2.0,Jet-01 Jet-02 Jet-03 Jet-04 Jet-09 Jet-10
FF MOLTO-NA-40242-59,AU7389G,MOLTO-NA,BEIGE 461B,40242,1.7656,2.0,Jet-01 Jet-02 Jet-03 Jet-04 Jet-09 Jet-10
FF MOLTO-NA-41255-64,AU7389G,MOLTO-NA,LT GRAY  (J1VZ),41255,1.6277,1.0,Jet-01 Jet-02 Jet-03 Jet-04 Jet-07 Jet-08 Jet-09 Jet-10
FF MOLTO-NA-40324-57,AU6563,MOLTO-NA,NEUTRAL WARM GREY 145B,40324,1.8275,2.0,Jet-01 Jet-02 Jet-03 Jet-04 Jet-09 Jet-10
FF MOLTO-NA-40324-59,AU7389G,MOLTO-NA,NEUTRAL WARM GRAY 145B,40324,1.7656,2.0,Jet-01 Jet-02 Jet-03 Jet-04 Jet-09 Jet-10
FF MOLTO-NA-40382-62,AU7389H,MOLTO-NA,LIGHT GRAY 105B,40382,1.6802,1.0,Jet-01 Jet-02 Jet-03 Jet-04 Jet-07 Jet-08 Jet-09 Jet-10
FF MOLTO-NA-40383-57,AU6563,MOLTO-NA,BLACK 202B,40383,1.8275,3.0,Jet-01 Jet-02 Jet-03 Jet-04 Jet-09 Jet-10
FF MOLTO-NA-40383-57,AU6563,MOLTO-NA,BLACK 202B,40383,1.8275,3.0,Jet-01 Jet-02 Jet-03 Jet-04 Jet-09 Jet-10
FF MOLTO-NA-40383-64,AU6563,MOLTO-NA,BLACK 202B,40383,1.6277,3.0,Jet-01 Jet-02 Jet-03 Jet-04 Jet-09 Jet-10
FF MOLTO-NA-40409-57,AU6563,MOLTO-NA,LEXUS  016B,40409,1.8275,1.0,Jet-01 Jet-02 Jet-03 Jet-04 Jet-09 Jet-10
FF MOLTO-NA-40409-64,AU6563,MOLTO-NA,LEXUS WHITE 016B,40409,1.6277,1.0,Jet-01 Jet-02 Jet-03 Jet-04 Jet-09 Jet-10
FF MOLTOSS-NA-40779-73,AU7538B,MOLTOSS-NA,LEXUS WHITE 016B,40779,1.4270,1.0,Jet-01 Jet-02 Jet-03 Jet-04 Jet-07 Jet-08 Jet-09 Jet-10
FF MOLTO-NA-40771-57, AU7389G,MOLTO-NA,HAZEL G4LW,40771,1.8275,2.0,Jet-01 Jet-02 Jet-03 Jet-04 Jet-09 Jet-10
FF MOLTO-NA-40771-64,AU7389G,MOLTO-NA,HAZEL G4LW,40771,1.6277,2.0,Jet-01 Jet-02 Jet-03 Jet-04 Jet-09 Jet-10
FF MOLTO-NA-41256-64,AU7389G,MOLTO-NA,BLACK,41256,1.6277,3.0,Jet-01 Jet-02 Jet-03 Jet-04 Jet-09 Jet-10
FF MOLTOP-NA-40424-63,AU6563,MOLTOP-NA,BEIGE 461B,40424,1.6535,2.0,Jet-01 Jet-02 Jet-03 Jet-04 Jet-09 Jet-10
FF MOLTOP-NA-40429-63,AU6563,MOLTOP-NA,NEUTRAL WARM GRAY 145B,40429,1.6535,2.0,Jet-01 Jet-02 Jet-03 Jet-04 Jet-09 Jet-10
FF MOLTOP-NA-40434-58,AU7389G,MOLTOP-NA,BLACK 202B,40434,1.7960,3.0,Jet-01 Jet-02 Jet-03 Jet-04 Jet-09 Jet-10
FF MOLTOP-NA-40434-62,AU6563,MOLTOP-NA,BLACK 202B,40434,1.6802,3.0,Jet-01 Jet-02 Jet-03 Jet-04 Jet-09 Jet-10
FF MOLTOP-NA-40434-66,AU6563,MOLTOP-NA,BLACK H2L5,40434,1.5783,3.0,Jet-01 Jet-02 Jet-03 Jet-04 Jet-09 Jet-10
FF MOLTOP-NA-40436-58,AU7389G,MOLTOP-NA,LEXUS WHITE HOU8 (016B),40436,1.7960,1.0,Jet-01 Jet-02 Jet-03 Jet-04 Jet-07 Jet-08 Jet-09 Jet-10
FF MOLTOP-NA-40436-62,AU6563,MOLTOP-NA,LEXUS WHITE 016B,40436,1.6802,1.0,Jet-01 Jet-02 Jet-03 Jet-04 Jet-09 Jet-10
FF MOLTOP-NA-40667-66,AU6563,MOLTOP-NA,LT GREY J1VZ,40667,1.5783,1.0,Jet-01 Jet-02 Jet-03 Jet-04 Jet-09 Jet-10
FF MOLTOP-NA-40784-58,AU7389G,MOLTOP-NA,HAZEL,40784,1.7960,2.0,Jet-01 Jet-02 Jet-03 Jet-04 Jet-09 Jet-10
FF MOLTOP-NA-40784-62,AU6563,MOLTOP-NA,HAZEL G4LW,40784,1.6802,2.0,Jet-01 Jet-02 Jet-03 Jet-04 Jet-09 Jet-10
FF MOLTOP-NA-41253-67,AU7389G,MOLTOP-NA,LT GREY,41253,1.5548,1.0,Jet-01 Jet-02 Jet-03 Jet-04 Jet-07 Jet-08 Jet-09 Jet-10
FF MOLTOP-NA-41254-67,AU7389G,MOLTOP-NA,BLACK H2L5,41254,1.5548,3.0,Jet-01 Jet-02 Jet-03 Jet-04 Jet-09 Jet-10
FF MOLTOSS-NA-40055-72,AU7538B,MOLTOSS-NA,MED GRAY 140B,40055,1.4468,2.0,Jet-01 Jet-02 Jet-03 Jet-04 Jet-09 Jet-10
FF MOLTOSS-NA-40569-51,AU7538B,MOLTOSS-NA,BLACK 202B,40569,2.0426,3.0,Jet-01 Jet-02 Jet-03 Jet-04 Jet-09 Jet-10
FF MOLTOSS-NA-40569-73,AU7538B,MOLTOSS-NA,BLACK H2G6,40569,1.4270,3.0,Jet-01 Jet-02 Jet-03 Jet-04 Jet-09 Jet-10
FF MOLTOSS-NA-40572-51,AU7538B,MOLTOSS-NA,LIGHT GRAY,40572,2.0426,1.0,Jet-01 Jet-02 Jet-03 Jet-04 Jet-07 Jet-08 Jet-09 Jet-10
FF MOLTOSS-NA-40572-72,AU7538B,MOLTOSS-NA,LT GREY J1VZ,40572,1.4468,1.0,Jet-01 Jet-02 Jet-03 Jet-04 Jet-07 Jet-08 Jet-09 Jet-10
FF MOLTOSS-NA-40569-51,AU7538B,MOLTOSS-NA,BLACK H2G6,40569,2.0426,3.0,Jet-01 Jet-02 Jet-03 Jet-04 Jet-09 Jet-10
FF MOLTOSS-NA-41064-73,AU7538B,MOLTOSS-NA,HAZEL,41064,1.4270,2.0,Jet-01 Jet-02 Jet-03 Jet-04 Jet-09 Jet-10
FF MOLTOSSX-NA-40569-73,AU7538B,MOLTOSSX-NA,BLACK H2G6,40569,1.4270,3.0,Jet-01 Jet-02 Jet-03 Jet-04 Jet-09 Jet-10
FF MOLTOSSX-NA-40779-73,AU7538B,MOLTOSSX-NA,LEXUS WHITE HOU8 (016B),40779,1.4270,1.0,Jet-01 Jet-02 Jet-03 Jet-04 Jet-07 Jet-08 Jet-09 Jet-10
FF MOLTOSSX-NA-40780-73,AU7538B,MOLTOSSX-NA,HAZEL G4LW,40780,1.4270,2.0,Jet-01 Jet-02 Jet-03 Jet-04 Jet-09 Jet-10
FF MOLTOV-NA-41203-63,AU7389H,MOLTOV-NA,GRAY,41203,1.6535,1.0,Jet-01 Jet-02 Jet-03 Jet-04 Jet-07 Jet-09 Jet-10
FF MOLTOV-NA-41204-63,AU7389H,MOLTOV-NA,BLACK,41204,1.6535,3.0,Jet-01 Jet-02 Jet-03 Jet-04 Jet-09 Jet-10
FF MOLTOX-NA-40383-62,AU7389H,MOLTOX-NA,BLACK 202B,40383,1.6802,3.0,Jet-01 Jet-02 Jet-03 Jet-04 Jet-09 Jet-10
FF MOLTOX-NA-40409-62,AU7389H,MOLTOX-NA,LEXUS WHITE HOU8,40409,1.6802,1.0,Jet-01 Jet-02 Jet-03 Jet-04 Jet-07 Jet-08 Jet-09 Jet-10
FF MOLTOX-NA-40771-62,AU7389H,MOLTOX-NA,HAZEL G4LW,40771,1.6802,2.0,Jet-01 Jet-02 Jet-03 Jet-04 Jet-09 Jet-10
FF PARADIGMH-40726-61,AU7368H,PARADIGMH,DARK GRAY ,40726,2.4322,4.0,Jet-01 Jet-02 Jet-03 Jet-04 Jet-07 Jet-08 Jet-09 Jet-10
FF PRISM-39537-45,AU2958A,PRISM,EBONY ZHE,39537,3.2970,3.0,
FF PRISM-39537-60,AU2958A,PRISM,EBONY ZHE,39537,2.4727,3.0,Jet-01 Jet-02 Jet-03 Jet-04 Jet-09 Jet-10
FF PRISMHP-39783-45,AU4398,PRISMHP,EBONY ZHE,39783,3.2970,3.0,Jet-01 Jet-02 Jet-03 Jet-04 Jet-09 Jet-10
FF PRISMLITE-39340-64,AU5429D,PRISMLITE,MARBLE AM1,39340,2.8333,1.0,Jet-01 Jet-02 Jet-03 Jet-04 Jet-07 Jet-08 Jet-09 Jet-10
FF PRISMLITE-39538-63,AU5429D,PRISMLITE,EBONY ZHE,39538,2.8783,3.0,Jet-01 Jet-02 Jet-03 Jet-04 Jet-09 Jet-10
FF PRISMLITE-39538-65,AU5429D,PRISMLITE,EBONY ZHE,39538,2.7897,3.0,
FF PRISMLITE-39854-65,AU5429D,PRISMLITE,CAPPUCCINO GU3,39854,2.7897,2.0,Jet-01 Jet-02 Jet-03 Jet-04 Jet-08 Jet-09 Jet-10
FF PRISMLITE-40358-64,AU5429D,PRISMLITE,LT DUNE DN1 ,40358,2.8333,1.0,Jet-01 Jet-02 Jet-03 Jet-04 Jet-07 Jet-08 Jet-09 Jet-10
FF PRISMLITE-40413-65,AU5429D,PRISMLITE,MED SLATE,40413,2.7897,2.0,Jet-01 Jet-02 Jet-03 Jet-04 Jet-08 Jet-09 Jet-10
FF PRISMLITE-40639-65,AU5429D,PRISMLITE,LT SANDSTONE LU2,40639,2.7897,1.0,Jet-01 Jet-02 Jet-03 Jet-04 Jet-07 Jet-08 Jet-09 Jet-10
FF PRISMLITEHE-39538-65,AU5429D,PRISMLITEHE,EBONY ZHE,39538,2.7897,3.0,Jet-01 Jet-02 Jet-03 Jet-04 Jet-09 Jet-10
FF PRISMP-39876-45,AU2958A,PRISMP,HAZELNUT DT7,39876,3.2970,2.0,Jet-01 Jet-02 Jet-03 Jet-04 Jet-08 Jet-09 Jet-10
FF PRISMP-40503-45,AU2958A,PRISMP,MED SLATE KX4,40503,3.2970,2.0,Jet-01 Jet-02 Jet-03 Jet-04 Jet-08 Jet-09 Jet-10
FF PRISMP-40793-45,AU2958A,PRISMP,SANDSTONE LU2,40793,3.2970,1.0,Jet-01 Jet-02 Jet-03 Jet-04 Jet-07 Jet-08 Jet-09 Jet-10
FF PROVT-40973-61,AU7614-BKAN,PROVT,MAMMOTH BLACK,40973,1.8666,4.0,Jet-01 Jet-02 Jet-03 Jet-04 Jet-09 Jet-10
FF PROVTP-41118-61,AU7614-CGAN,PROVTP,COOL LT GREY,41118,1.8666,4.0,Jet-01 Jet-02 Jet-03 Jet-04 Jet-08 Jet-09 Jet-10
FF PROVTV-40942-61,AU7614,PROVTV,COOL LT GREY,40942,1.8666,4.0,Jet-01 Jet-02 Jet-03 Jet-04 Jet-08 Jet-09 Jet-10
FF PROVT-WD-41117-66,AU7614CLG-186,PROVT-WD,COOL LT GREY,41117,1.7252,4.0,Jet-01 Jet-02 Jet-03 Jet-04 Jet-08 Jet-09 Jet-10
FF TAFFETAGMW-38709-63,AU4583 210,TAFFETAGMW,SHALE,38709,2.1587,2.0,Jet-01 Jet-02 Jet-03 Jet-04 Jet-09 Jet-10
FF TAFFETAGMW-39329-63,AU4583 210,TAFFETAGMW,LT ASH GREY 9874,39329,2.1587,1.0,Jet-01 Jet-02 Jet-03 Jet-04 Jet-09 Jet-10
FF TAFFETAHHS-38712-55,AU4583 210,TAFFETAHHS,HI HEATSET JET BLACK ,38712,2.4727,3.0,Jet-01 Jet-02 Jet-03 Jet-04 Jet-09 Jet-10
FF TAFFETAHP-38709-67,AU4583,TAFFETAHP,SHALE 149B,38709,2.0299,2.0,Jet-01 Jet-02 Jet-03 Jet-04 Jet-09 Jet-10
FF TAFFETAHP-38712-67,AU4583,TAFFETAHP,JET BLACK 600R,38712,2.0299,3.0,Jet-01 Jet-02 Jet-03 Jet-04 Jet-09 Jet-10
FF TAFFETAHP-39329-67,AU4583,TAFFETAHP,LT ASH GREY 9874,39329,2.0299,1.0,Jet-01 Jet-02 Jet-03 Jet-04 Jet-09 Jet-10
FF TAFFETAHP-39626-63,AU4583,TAFFETAHP,LT ASH GREY 9874,39626,2.1587,1.0,Jet-01 Jet-02 Jet-03 Jet-04 Jet-09 Jet-10
FF TAFFETAHP-39682-63,AU4583,TAFFETAHP,SHALE 149B PILLAR,39682,2.1587,2.0,Jet-01 Jet-02 Jet-03 Jet-04 Jet-09 Jet-10
FF TAFFETAHP-39749-50,AU4583 210,TAFFETAHP,PACCAR TAN,39749,2.7200,2.0,Jet-01 Jet-02 Jet-03 Jet-04 Jet-09 Jet-10
FF TAFFETAHP-39749-65,AU4583,TAFFETAHP,PACCAR TAN,39749,2.0923,2.0,Jet-01 Jet-02 Jet-03 Jet-04 Jet-09 Jet-10
FF TAFFETAHP-39869-50,AU4583 210,TAFFETAHP,PACCAR GREY,39869,2.7200,2.0,Jet-01 Jet-02 Jet-03 Jet-04 Jet-09 Jet-10
FF TAFFETAHP-39869-65,AU4583,TAFFETAHP,PACCAR GREY,39869,2.0923,2.0,Jet-01 Jet-02 Jet-03 Jet-04 Jet-09 Jet-10
FF TAFFETAHP-39894-60,AU4583 210,TAFFETAHP,LIGHT WHEAT 503F,39894,2.2667,1.0,Jet-01 Jet-02 Jet-03 Jet-04 Jet-09 Jet-10
FF TAFFETAHP-40509-67,AU4583,TAFFETAHP,WHISPER BEIGE 604D,40509,2.0299,1.0,Jet-01 Jet-02 Jet-03 Jet-04 Jet-09 Jet-10
FF TAFFETAHP-40512-67,AU4583,TAFFETAHP,VY DK ATMOSPHERE 309X,40512,2.0299,3.0,Jet-01 Jet-02 Jet-03 Jet-04 Jet-09 Jet-10
FF TAFFETAHP-38712-60,AU4583 210,TAFFETAHP,JET BLACK 600R,38712,2.2667,3.0,Jet-01 Jet-02 Jet-03 Jet-04 Jet-09 Jet-10
FF TAFFETAHP-39329-58,AU4583 210,TAFFETAHP,LT ASH GREY 9874,39329,2.3448,1.0,Jet-01 Jet-02 Jet-03 Jet-04 Jet-09 Jet-10
FF TAFFETAHP-39737-60,AU4583 210,TAFFETAHP,JET BLACK 600R,39737,2.2667,3.0,
FF TAFFETAHPP-39619-55,AU4583 210,TAFFETAHPP,JET BLACK 600R,39619,2.4727,3.0,Jet-01 Jet-02 Jet-03 Jet-04 Jet-09 Jet-10
FF TAFFETAHPP-39619-63,AU4583 210,TAFFETAHPP,JET BLACK 600R,39619,2.1587,3.0,Jet-01 Jet-02 Jet-03 Jet-04 Jet-09 Jet-10
FF TAFFETAHPP-40356-55,AU4583 210,TAFFETAHPP,LIGHT PLATINUM 803T,40356,2.4727,1.0,Jet-01 Jet-02 Jet-03 Jet-04 Jet-09 Jet-10
FF TAFFETAHPP-40356-63,AU4583 210,TAFFETAHPP,LIGHT PLATINUM 803T,40356,2.1587,1.0,Jet-01 Jet-02 Jet-03 Jet-04 Jet-09 Jet-10
FF TR570B-39066-48,AU4398,TR570B,JEWEL GREY NH802L,39066,2.5500,1.0,Jet-01 Jet-02 Jet-03 Jet-04 Jet-08 Jet-09 Jet-10
FF TR570B-39066-52,AU2958A,TR570B,JEWEL GREY NH802L,39066,2.3538,1.0,Jet-01 Jet-02 Jet-03 Jet-04 Jet-07 Jet-08 Jet-09 Jet-10
FF TR570B-39066-59,AU2958A,TR570B,JEWEL GREY NH802L,39066,2.0746,1.0,Jet-01 Jet-02 Jet-03 Jet-04 Jet-07 Jet-08 Jet-09 Jet-10
FF TR570B-39066-60,AU2958A,TR570B,LIGHT JEWEL GREY NH802L,39066,2.0400,1.0,Jet-01 Jet-02 Jet-03 Jet-04 Jet-07 Jet-08 Jet-09 Jet-10
FF TR570B-39074-48,AU4398,TR570B,SAND STORM YR436L,39074,2.5500,1.0,Jet-01 Jet-02 Jet-03 Jet-04 Jet-08 Jet-09 Jet-10
FF TR570B-39074-52,AU2958A,TR570B,SAND STORM YR436L,39074,2.3538,1.0,Jet-01 Jet-02 Jet-03 Jet-04 Jet-08 Jet-09 Jet-10
FF TR570B-39074-59,AU2958A,TR570B,SAND STORM YR436L,39074,2.0746,1.0,Jet-01 Jet-02 Jet-03 Jet-04 Jet-08 Jet-09 Jet-10
FF TR570B-39074-60,AU2958A,TR570B,SAND STORM YR436L,39074,2.0400,1.0,Jet-01 Jet-02 Jet-03 Jet-04 Jet-08 Jet-09 Jet-10
FF TR570B-39226-48,AU4398,TR570B,WISTERIA GRAY NH 836L,39226,2.5500,1.0,Jet-01 Jet-02 Jet-03 Jet-04 Jet-08 Jet-09 Jet-10
FF TR570B-39226-52,AU2958A,TR570B,WISTERIA GRAY NH836L,39226,2.3538,1.0,Jet-01 Jet-02 Jet-03 Jet-04 Jet-07 Jet-08 Jet-09 Jet-10
FF TR570B-39226-60,AU2958A,TR570B,WISTERIA GRAY NH836L,39226,2.0400,1.0,Jet-01 Jet-02 Jet-03 Jet-04 Jet-07 Jet-08 Jet-09 Jet-10
FF TR570B-39226-62,AU4398,TR570B,WISTERIA GRAY NH 836L,39226,1.9742,1.0,Jet-01 Jet-02 Jet-03 Jet-04 Jet-09 Jet-10
FF TR570B-39226-62,AU4398,TR570B,WISTERIA GRAY NH 836L,39226,1.9742,1.0,Jet-01 Jet-02 Jet-03 Jet-04 Jet-09 Jet-10
FF TR570B-39226-64,AU4398,TR570B,WISTERIA GRAY NH836L,39226,1.9125,1.0,Jet-01 Jet-02 Jet-03 Jet-04 Jet-09 Jet-10
FF TR570B-39226-66,AU4398,TR570B,WISTERIA GRAY NH 836L,39226,1.8545,1.0,Jet-01 Jet-02 Jet-03 Jet-04 Jet-09 Jet-10
FF TR570B-39226-66,AU4398,TR570B,WISTERIA GRAY NH 836L,39226,1.8545,1.0,Jet-01 Jet-02 Jet-03 Jet-04 Jet-09 Jet-10
FF TR570B-39472-48,AU4398,TR570B,CASHMERE IVORY YR449L,39472,2.5500,1.0,Jet-01 Jet-02 Jet-03 Jet-04 Jet-08 Jet-09 Jet-10
FF TR570B-39472-60,AU2958A,TR570B,CASHMERE IVORY YR449L,39472,2.0400,1.0,Jet-01 Jet-02 Jet-03 Jet-04 Jet-07 Jet-08 Jet-09 Jet-10
FF TR570B-39472-66,AU4398,TR570B,CASHMERE IVORY YR449L,39472,1.8545,1.0,Jet-01 Jet-02 Jet-03 Jet-04 Jet-08 Jet-09 Jet-10
FF TR570B-39635-48,AU4398,TR570B,SHADOW BEIGE YR-507L,39635,2.5500,2.0,Jet-01 Jet-02 Jet-03 Jet-04 Jet-08 Jet-09 Jet-10
FF TR570B-39635-52,AU2958A,TR570B,SHADOW BEIGE YR507L,39635,2.3538,2.0,Jet-01 Jet-02 Jet-03 Jet-04 Jet-08 Jet-09 Jet-10
FF TR570B-39635-62,AU4398,TR570B,SHADOW BEIGE YR-507L,39635,1.9742,2.0,Jet-01 Jet-02 Jet-03 Jet-04 Jet-08 Jet-09 Jet-10
FF TR570B-39635-62,AU4398,TR570B,SHADOW BEIGE YR-507L,39635,1.9742,2.0,Jet-01 Jet-02 Jet-03 Jet-04 Jet-08 Jet-09 Jet-10
FF TR570B-39635-64,AU4398,TR570B,SHADOW BEIGE YR507L,39635,1.9125,2.0,Jet-01 Jet-02 Jet-03 Jet-04 Jet-08 Jet-09 Jet-10
FF TR570B-39635-66,AU4398,TR570B,SHADOW BEIGE YR-507L,39635,1.8545,2.0,Jet-01 Jet-02 Jet-03 Jet-04 Jet-08 Jet-09 Jet-10
FF TR570B-39635-66,AU4398,TR570B,SHADOW BEIGE YR507L,39635,1.8545,2.0,Jet-01 Jet-02 Jet-03 Jet-04 Jet-08 Jet-09 Jet-10
FF TR570B-39668-62,AU4398,TR570B,LT JEWEL GREY,39668,1.9742,1.0,Jet-01 Jet-02 Jet-03 Jet-04 Jet-08 Jet-09 Jet-10
FF TR570B-39669-62,AU4398,TR570B,SAND STORM YR436L,39669,1.9742,1.0,Jet-01 Jet-02 Jet-03 Jet-04 Jet-08 Jet-09 Jet-10
FF TR570B-39777-48,AU4398,TR570B,NEUTRAL BLACK NH900L,39777,2.5500,3.0,Jet-01 Jet-02 Jet-03 Jet-04 Jet-09 Jet-10
FF TR570B-39777-52,AU2958A,TR570B,NEUTRAL BLACK NH900L,39777,2.3538,3.0,Jet-01 Jet-02 Jet-03 Jet-04 Jet-09 Jet-10
FF TR570B-39777-60,AU2958A,TR570B,NEUTRAL BLACK NH900L,39777,2.0400,3.0,Jet-01 Jet-02 Jet-03 Jet-04 Jet-09 Jet-10
FF TR570B-39777-61,AU2958A,TR570B,NEUTRAL BLACK NH900L,39777,2.0066,3.0,Jet-01 Jet-02 Jet-03 Jet-04 Jet-09 Jet-10
FF TR570B-39777-62,AU4398,TR570B,NEUTRAL BLACK NH900L,39777,1.9742,3.0,Jet-01 Jet-02 Jet-03 Jet-04 Jet-09 Jet-10
FF TR570B-39777-64,AU4398,TR570B,NEUTRAL BLACK NH900L,39777,1.9125,3.0,Jet-01 Jet-02 Jet-03 Jet-04 Jet-09 Jet-10
FF TR570B-39777-64,AU4398,TR570B,NEUTRAL BLACK NH900L,39777,1.9125,3.0,Jet-01 Jet-02 Jet-03 Jet-04 Jet-09 Jet-10
FF TR570B-39777-66,AU4398,TR570B,NEUTRAL BLACK NH900L,39777,1.8545,3.0,Jet-01 Jet-02 Jet-03 Jet-04 Jet-09 Jet-10
FF TR570B-39789-48,AU4398,TR570B,NH882L PLATINUM GREY,39789,2.5500,2.0,Jet-01 Jet-02 Jet-03 Jet-04 Jet-08 Jet-09 Jet-10
FF TR570B-39789-52,AU2958A,TR570B,NH882L PLATINUM GREY,39789,2.3538,2.0,Jet-01 Jet-02 Jet-03 Jet-04 Jet-08 Jet-09 Jet-10
FF TR570B-39789-56,AU2958A,TR570B,NH882L PLATINUM GREY,39789,2.1857,2.0,Jet-01 Jet-02 Jet-03 Jet-04 Jet-08 Jet-09 Jet-10
FF TR570B-39789-59,AU2958A,TR570B,NH882L PLATINUM GREY,39789,2.0746,2.0,Jet-01 Jet-02 Jet-03 Jet-04 Jet-08 Jet-09 Jet-10
FF TR570B-39789-60,AU2958A,TR570B,NH882L PLATINUM GREY,39789,2.0400,2.0,Jet-01 Jet-02 Jet-03 Jet-04 Jet-08 Jet-09 Jet-10
FF TR570B-39789-61,AU2958A,TR570B,PLATINUM GREY NH882L ,39789,2.0066,2.0,Jet-01 Jet-02 Jet-03 Jet-04 Jet-08 Jet-09 Jet-10
FF TR570B-39789-62,AU4398,TR570B,PLATNIUM GREY NH882L,39789,1.9742,2.0,Jet-01 Jet-02 Jet-03 Jet-04 Jet-08 Jet-09 Jet-10
FF TR570B-39789-64,AU4398,TR570B,NH882L PLATINUM GREY,39789,1.9125,2.0,Jet-01 Jet-02 Jet-03 Jet-04 Jet-08 Jet-09 Jet-10
FF TR570B-40109-60,AU2958A,TR570B,PREMIUM BLACK NH-690L,40109,2.0400,3.0,Jet-01 Jet-02 Jet-03 Jet-04 Jet-09 Jet-10
FF TR570B-40266-62,AU4398,TR570B,NH690L PREMIUM BLACK,40266,1.9742,3.0,Jet-01 Jet-02 Jet-03 Jet-04 Jet-09 Jet-10
FF TR570B-D-39226-66,AU7529,TR570B-D,WISTERIA GRAY NH 836L,39226,1.8545,1.0,Jet-01 Jet-02 Jet-03 Jet-04 Jet-08 Jet-09 Jet-10
FF TR570B-D-39472-66,AU7529,TR570B-D,CASHMERE IVORY YR449L,39472,1.8545,1.0,Jet-01 Jet-02 Jet-03 Jet-04 Jet-08 Jet-09 Jet-10
FF TR570B-D-39635-66,AU7529,TR570B-D,SHADOW BEIGE YR-507L,39635,1.8545,2.0,Jet-01 Jet-02 Jet-03 Jet-04 Jet-08 Jet-09 Jet-10
FF TR570B-D-39777-66,AU7529,TR570B-D,NEUTRAL BLACK NH900L,39777,1.8545,3.0,Jet-01 Jet-02 Jet-03 Jet-04 Jet-09 Jet-10
FF TR570BSS-39066-48,AU4398,TR570BSS,LT JEWEL GRAY NH802L,39066,2.5500,1.0,Jet-01 Jet-02 Jet-03 Jet-04 Jet-08 Jet-09 Jet-10
FF TR665B-40279-64,AU6953,TR665B,PLATINUM GRAY NH882L,40279,2.8333,2.0,Jet-01 Jet-02 Jet-03 Jet-04 Jet-09 Jet-10
FF TR665B-40279-65,AU6953,TR665B,PLATINUM GRAY NH882L,40279,2.7897,2.0,Jet-01 Jet-02 Jet-03 Jet-04 Jet-09 Jet-10
FF TR665B-40279-65,AU6953,TR665B,PLATNIUM GREY NH882L,40279,2.7897,2.0,Jet-01 Jet-02 Jet-03 Jet-04 Jet-09 Jet-10
FF TR665B-40388-64,AU7130,TR665B,NEUTRAL BLACK NH900L,40388,2.8333,3.0,Jet-01 Jet-02 Jet-03 Jet-04 Jet-09 Jet-10
FF TR665B-40388-65,AU7130,TR665B,NEUTRAL BLACK NH900L,40388,2.7897,3.0,Jet-01 Jet-02 Jet-03 Jet-04 Jet-09 Jet-10
FF TR665B-40388-65,AU7130,TR665B,NEUTRAL BLACK NH900L,40388,2.7897,3.0,Jet-01 Jet-02 Jet-03 Jet-04 Jet-09 Jet-10
FF TR665B-40477-64,AU6953,TR665B,LIGHT JEWEL GRAY NH802L,40477,2.8333,1.0,Jet-01 Jet-02 Jet-03 Jet-04 Jet-09 Jet-10
FF TR665B-40477-65,AU6953,TR665B,LIGHT JEWEL GRAY NH802L,40477,2.7897,1.0,Jet-01 Jet-02 Jet-03 Jet-04 Jet-09 Jet-10
FF TR665B-40477-65,AU6953,TR665B,LIGHT JEWEL GRAY NH802L,40477,2.7897,1.0,Jet-01 Jet-02 Jet-03 Jet-04 Jet-09 Jet-10
FF TR665B-40478-64,AU6953,TR665B,ALLURING ECRU 40478,40478,2.8333,1.0,Jet-01 Jet-02 Jet-03 Jet-04 Jet-09 Jet-10
FF TR665B-40478-65,AU6953,TR665B,ALLURING ECRU YR552L,40478,2.7897,1.0,Jet-01 Jet-02 Jet-03 Jet-04 Jet-09 Jet-10
FF TR665B-40478-65,AU6953,TR665B,ALLURING ECRU YR552L,40478,2.7897,1.0,Jet-01 Jet-02 Jet-03 Jet-04 Jet-09 Jet-10
FF TR665BP-40580-65,AU6953,TR665BP,LIGHT JEWEL GRAY NH802L,40580,2.7897,1.0,Jet-01 Jet-02 Jet-03 Jet-04 Jet-09 Jet-10
FF TR665BP-40581-65,AU6953,TR665BP,ALLURING ECRU YR552L,40581,2.7897,1.0,Jet-01 Jet-02 Jet-03 Jet-04 Jet-09 Jet-10
FF TR665BP-40607-65,AU6953,TR665BP,PLATINUM GRAY NH882L,40607,2.7897,2.0,Jet-01 Jet-02 Jet-03 Jet-04 Jet-09 Jet-10
FF TR665BP-40608-65,AU7130,TR665BP,NEUTRAL BLACK NH900L,40608,2.7897,3.0,Jet-01 Jet-02 Jet-03 Jet-04 Jet-09 Jet-10
FF TR684B-40610-60,AU3426H,TR684B,NEUTRAL BLACK NH900L,40610,2.9143,3.0,Jet-01 Jet-02 Jet-03 Jet-04 Jet-09 Jet-10
FF TR684B-40610-61,AU3426H,TR684B,NEUTRAL BLACK NH900L,40610,2.8665,3.0,Jet-01 Jet-02 Jet-03 Jet-04 Jet-09 Jet-10
FF TR684B-40610-63,AU3426H,TR684B,NEUTRAL BLACK NH900L,40610,2.7755,3.0,
FF TR684B-40610-65,AU3426H,TR684B,NEUTRAL BLACK NH900L,40610,2.6901,3.0,Jet-01 Jet-02 Jet-03 Jet-04 Jet-09 Jet-10
FF TR684B-40623-60,AU3426H,TR684B,PLATINUM GREY NH882L ,40623,2.9143,2.0,Jet-01 Jet-02 Jet-03 Jet-04 Jet-08 Jet-09 Jet-10
FF TR684B-40623-61,AU3426H,TR684B,PLATINUM GRAY NH882L,40623,2.8665,2.0,Jet-01 Jet-02 Jet-03 Jet-04 Jet-08 Jet-09 Jet-10
FF TR684B-40623-65,AU3426H,TR684B,PLATNIUM GREY NH882L,40623,2.6901,2.0,Jet-01 Jet-02 Jet-03 Jet-04 Jet-08 Jet-09 Jet-10
FF TR684B-40760-61,AU3426H,TR684B,LT JEWEL GRAY NH802L,40760,2.8665,1.0,Jet-01 Jet-02 Jet-03 Jet-04 Jet-08 Jet-09 Jet-10
FF MOLTO-NA-40409-64,AU7389G,MOLTO-NA,LEXUS WHITE,40409,1.6277,1.0,Jet-01 Jet-02 Jet-03 Jet-04 Jet-07 Jet-08 Jet-09 Jet-10
FF LYRICPHE-41120-61,AU4782K,LYRICPHE,1Y1 LT SPACE GREY,41120,2.5891,1.0,Jet-01 Jet-02 Jet-03 Jet-04 Jet-09 Jet-10
FF MOLTO-NA-40382-59,AU7389G,MOLTO-NA,LT GRAY J1VZ,40382,1.7656,1.0,Jet-01 Jet-02 Jet-03 Jet-04 Jet-07 Jet-08 Jet-09 Jet-10
FF MOLTO-NA-40383-59,AU7389G,MOLTO-NA,PREMIUM BLACK H2G6,40383,1.7656,3.0,Jet-01 Jet-02 Jet-03 Jet-04 Jet-09 Jet-10
FF TR684B-40760-60,AU3426H,TR684B,LT JEWEL GRAY NH802L,40760,2.9143,1.0,Jet-01 Jet-02 Jet-03 Jet-04 Jet-08 Jet-09 Jet-10
FF MOLTOX-NA-40406-62,AU7389H,MOLTOX-NA,FROMAGE 014B,40406,1.6802,1.0,Jet-01 Jet-02 Jet-03 Jet-04 Jet-07 Jet-08 Jet-09 Jet-10
FF MOLTOSSX-NA-41320-73,AU7538B,MOLTOSSX-NA,FROMAGE 014B,41320,1.4270,1.0,Jet-01 Jet-02 Jet-03 Jet-04 Jet-07 Jet-08 Jet-09 Jet-10
FF MOLTOP-NA-40667-67,AU7389H,MOLTOP-NA,LT GRAY J1VZ,40667,1.6348,1.0,Jet-01 Jet-02 Jet-03 Jet-04 Jet-07 Jet-08 Jet-09 Jet-10
FF MOLTOP-NA-40434-67,AU7389H,MOLTOP-NA,BLACK H2L5,40434,1.6348,3.0,Jet-01 Jet-02 Jet-03 Jet-04 Jet-09 Jet-10
FF ARCTIC-41079-62,AU5429D,ARCTIC ,BACKEN BLACK,41079,2.9247,3.0,Jet-01 Jet-02 Jet-03 Jet-04 Jet-09 Jet-10
FF TR684B-40760-65,AU3426H,TR684B,LIGHT JEWEL GRAY NH802L,40760,2.6901,1.0,Jet-01 Jet-02 Jet-03 Jet-04 Jet-08 Jet-09 Jet-10
FF ARCTIC-40599-62,AU5429D,ARCTIC ,VERY LIGHT ASH GREY,40599,2.9247,1.0,Jet-01 Jet-02 Jet-03 Jet-04 Jet-07 Jet-08 Jet-09 Jet-10
FF MOLTOV-NA-41203-57,AU7389G,MOLTOV-NA,J1VZ  LT GRAY,41203,1.8275,1.0,Jet-01 Jet-02 Jet-03 Jet-04 Jet-07 Jet-08 Jet-09 Jet-10
FF MOLTOV-NA-41204-57,AU7389G,MOLTOV-NA,BLACK H2G6,41204,1.8275,3.0,Jet-01 Jet-02 Jet-03 Jet-04 Jet-09 Jet-10
FF TR570B-39789-66,AU4398,TR570B,NH882L PLATINUM GREY,39789,1.8545,2.0,Jet-01 Jet-02 Jet-03 Jet-04 Jet-09 Jet-10
FF LYRICPHE-41122-63,AU4782K,LYRICPHE,LT SMOKED TRUFFLE,41122,2.5069,2.0,Jet-01 Jet-02 Jet-03 Jet-04 Jet-09 Jet-10
FF ARCTICP-41365-61,AU5429D,ARCTICP,BACKEN BLACK,41365,2.9727,3.0,Jet-01 Jet-02 Jet-03 Jet-04 Jet-09 Jet-10
FF TAFFETAHP-41026-67,AU4583,TAFFETAHP,FAWN 737D,41026,2.0299,2.0,Jet-01 Jet-02 Jet-03 Jet-04 Jet-09 Jet-10
FF EPIC-40961-73,AU5429D,EPIC,GRAY,40961,2.4840,2.0,Jet-01 Jet-02 Jet-03 Jet-04 Jet-09 Jet-10
FF ARCTICP-41146-61,AU5429D,ARCTICP,SHEER GRAY,41146,2.9727,1.0,Jet-01 Jet-02 Jet-03 Jet-04 Jet-07 Jet-08 Jet-09 Jet-10
FF MESAP-40241-62,AU3426 WIDE,MESAP,BLACK JG01,40241,2.6323,3.0,Jet-01 Jet-02 Jet-03 Jet-04 Jet-09 Jet-10
FF MESA-40241-55,AU3426,MESA ,BLACK KGRO,40241,2.9673,3.0,Jet-01 Jet-02 Jet-03 Jet-04 Jet-09 Jet-10
FF MESA-40629-55,AU3426,MESA,GRAY,40629,2.9673,2.0,Jet-01 Jet-02 Jet-03 Jet-04 Jet-08 Jet-09 Jet-10
FF PROVT-NDWR-40973-61,AUSR7980,PROVT-NDWR,MAMMOTH BLACK,40973,1.8666,4.0,Jet-01 Jet-02 Jet-03 Jet-04 Jet-07 Jet-08 Jet-09 Jet-10
FF LYRIC-41282-70,AU4782,LYRIC ,LT SPACE GRAY,41282,2.2562,1.0,Jet-01 Jet-02 Jet-03 Jet-04 Jet-09 Jet-10
FF LYRIC-41282-71,AU4782,LYRIC ,LT SPACE GRAY,41282,2.2244,1.0,Jet-01 Jet-02 Jet-03 Jet-04 Jet-09 Jet-10
FF LYRIC-39651-71,AU4782,LYRIC ,EBONY ZHE,39651,2.2244,3.0,Jet-01 Jet-02 Jet-03 Jet-04 Jet-09 Jet-10
FF ARCTICP-41147-61,AU5429D,ARCTICP,BACKEN BLACK,41147,2.9727,3.0,Jet-01 Jet-02 Jet-03 Jet-04 Jet-09 Jet-10
